"Date","Source","Site ID","POC","Daily Mean PM10 Concentration","UNITS","DAILY_AQI_VALUE","Site Name","DAILY_OBS_COUNT","PERCENT_COMPLETE","AQS_PARAMETER_CODE","AQS_PARAMETER_DESC","CBSA_CODE","CBSA_NAME","STATE_CODE","STATE","COUNTY_CODE","COUNTY","SITE_LATITUDE","SITE_LONGITUDE","airnowval","aqsval"
"01/01/2020","AQS","410392013","1","6","ug/m3 SC","6","Oakridge - (OAK)","1","100.0000","81102","PM10 Total 0-10um STP","21660","Eugene, OR","41","Oregon","039","Lane","43.744352","-122.480487",".","6"
"01/02/2020","AQS","410392013","1","14","ug/m3 SC","13","Oakridge - (OAK)","1","100.0000","81102","PM10 Total 0-10um STP","21660","Eugene, OR","41","Oregon","039","Lane","43.744352","-122.480487",".","14"
"01/03/2020","AQS","410392013","1","22","ug/m3 SC","20","Oakridge - (OAK)","1","100.0000","81102","PM10 Total 0-10um STP","21660","Eugene, OR","41","Oregon","039","Lane","43.744352","-122.480487",".","22"
"01/04/2020","AQS","410392013","1","11","ug/m3 SC","10","Oakridge - (OAK)","1","100.0000","81102","PM10 Total 0-10um STP","21660","Eugene, OR","41","Oregon","039","Lane","43.744352","-122.480487",".","11"
"01/05/2020","AQS","410392013","1","9","ug/m3 SC","8","Oakridge - (OAK)","1","100.0000","81102","PM10 Total 0-10um STP","21660","Eugene, OR","41","Oregon","039","Lane","43.744352","-122.480487",".","9"
"01/06/2020","AQS","410392013","1","11","ug/m3 SC","10","Oakridge - (OAK)","1","100.0000","81102","PM10 Total 0-10um STP","21660","Eugene, OR","41","Oregon","039","Lane","43.744352","-122.480487",".","11"
"01/07/2020","AQS","410392013","1","8","ug/m3 SC","7","Oakridge - (OAK)","1","100.0000","81102","PM10 Total 0-10um STP","21660","Eugene, OR","41","Oregon","039","Lane","43.744352","-122.480487",".","8"
"01/08/2020","AQS","410392013","1","8","ug/m3 SC","7","Oakridge - (OAK)","1","100.0000","81102","PM10 Total 0-10um STP","21660","Eugene, OR","41","Oregon","039","Lane","43.744352","-122.480487",".","8"
"01/09/2020","AQS","410392013","1","10","ug/m3 SC","9","Oakridge - (OAK)","1","100.0000","81102","PM10 Total 0-10um STP","21660","Eugene, OR","41","Oregon","039","Lane","43.744352","-122.480487",".","10"
"01/10/2020","AQS","410392013","1","9","ug/m3 SC","8","Oakridge - (OAK)","1","100.0000","81102","PM10 Total 0-10um STP","21660","Eugene, OR","41","Oregon","039","Lane","43.744352","-122.480487",".","9"
"01/11/2020","AQS","410392013","1","7","ug/m3 SC","6","Oakridge - (OAK)","1","100.0000","81102","PM10 Total 0-10um STP","21660","Eugene, OR","41","Oregon","039","Lane","43.744352","-122.480487",".","7"
"01/12/2020","AQS","410392013","1","6","ug/m3 SC","6","Oakridge - (OAK)","1","100.0000","81102","PM10 Total 0-10um STP","21660","Eugene, OR","41","Oregon","039","Lane","43.744352","-122.480487",".","6"
"01/13/2020","AQS","410392013","1","20","ug/m3 SC","19","Oakridge - (OAK)","1","100.0000","81102","PM10 Total 0-10um STP","21660","Eugene, OR","41","Oregon","039","Lane","43.744352","-122.480487",".","20"
"01/14/2020","AQS","410392013","1","29","ug/m3 SC","27","Oakridge - (OAK)","1","100.0000","81102","PM10 Total 0-10um STP","21660","Eugene, OR","41","Oregon","039","Lane","43.744352","-122.480487",".","29"
"01/15/2020","AQS","410392013","1","14","ug/m3 SC","13","Oakridge - (OAK)","1","100.0000","81102","PM10 Total 0-10um STP","21660","Eugene, OR","41","Oregon","039","Lane","43.744352","-122.480487",".","14"
"01/16/2020","AQS","410392013","1","14","ug/m3 SC","13","Oakridge - (OAK)","1","100.0000","81102","PM10 Total 0-10um STP","21660","Eugene, OR","41","Oregon","039","Lane","43.744352","-122.480487",".","14"
"01/17/2020","AQS","410392013","1","9","ug/m3 SC","8","Oakridge - (OAK)","1","100.0000","81102","PM10 Total 0-10um STP","21660","Eugene, OR","41","Oregon","039","Lane","43.744352","-122.480487",".","9"
"01/18/2020","AQS","410392013","1","10","ug/m3 SC","9","Oakridge - (OAK)","1","100.0000","81102","PM10 Total 0-10um STP","21660","Eugene, OR","41","Oregon","039","Lane","43.744352","-122.480487",".","10"
"01/19/2020","AQS","410392013","1","9","ug/m3 SC","8","Oakridge - (OAK)","1","100.0000","81102","PM10 Total 0-10um STP","21660","Eugene, OR","41","Oregon","039","Lane","43.744352","-122.480487",".","9"
"01/20/2020","AQS","410392013","1","17","ug/m3 SC","16","Oakridge - (OAK)","1","100.0000","81102","PM10 Total 0-10um STP","21660","Eugene, OR","41","Oregon","039","Lane","43.744352","-122.480487",".","17"
"01/21/2020","AQS","410392013","1","13","ug/m3 SC","12","Oakridge - (OAK)","1","100.0000","81102","PM10 Total 0-10um STP","21660","Eugene, OR","41","Oregon","039","Lane","43.744352","-122.480487",".","13"
"01/22/2020","AQS","410392013","1","11","ug/m3 SC","10","Oakridge - (OAK)","1","100.0000","81102","PM10 Total 0-10um STP","21660","Eugene, OR","41","Oregon","039","Lane","43.744352","-122.480487",".","11"
"01/23/2020","AQS","410392013","1","7","ug/m3 SC","6","Oakridge - (OAK)","1","100.0000","81102","PM10 Total 0-10um STP","21660","Eugene, OR","41","Oregon","039","Lane","43.744352","-122.480487",".","7"
"01/24/2020","AQS","410392013","1","8","ug/m3 SC","7","Oakridge - (OAK)","1","100.0000","81102","PM10 Total 0-10um STP","21660","Eugene, OR","41","Oregon","039","Lane","43.744352","-122.480487",".","8"
"01/25/2020","AQS","410392013","1","6","ug/m3 SC","6","Oakridge - (OAK)","1","100.0000","81102","PM10 Total 0-10um STP","21660","Eugene, OR","41","Oregon","039","Lane","43.744352","-122.480487",".","6"
"01/26/2020","AQS","410392013","1","8","ug/m3 SC","7","Oakridge - (OAK)","1","100.0000","81102","PM10 Total 0-10um STP","21660","Eugene, OR","41","Oregon","039","Lane","43.744352","-122.480487",".","8"
"01/27/2020","AQS","410392013","1","7","ug/m3 SC","6","Oakridge - (OAK)","1","100.0000","81102","PM10 Total 0-10um STP","21660","Eugene, OR","41","Oregon","039","Lane","43.744352","-122.480487",".","7"
"01/28/2020","AQS","410392013","1","5","ug/m3 SC","5","Oakridge - (OAK)","1","100.0000","81102","PM10 Total 0-10um STP","21660","Eugene, OR","41","Oregon","039","Lane","43.744352","-122.480487",".","5"
"01/29/2020","AQS","410392013","1","8","ug/m3 SC","7","Oakridge - (OAK)","1","100.0000","81102","PM10 Total 0-10um STP","21660","Eugene, OR","41","Oregon","039","Lane","43.744352","-122.480487",".","8"
"01/31/2020","AQS","410392013","1","15","ug/m3 SC","14","Oakridge - (OAK)","1","100.0000","81102","PM10 Total 0-10um STP","21660","Eugene, OR","41","Oregon","039","Lane","43.744352","-122.480487",".","15"
"02/01/2020","AQS","410392013","1","9","ug/m3 SC","8","Oakridge - (OAK)","1","100.0000","81102","PM10 Total 0-10um STP","21660","Eugene, OR","41","Oregon","039","Lane","43.744352","-122.480487",".","9"
"02/02/2020","AQS","410392013","1","9","ug/m3 SC","8","Oakridge - (OAK)","1","100.0000","81102","PM10 Total 0-10um STP","21660","Eugene, OR","41","Oregon","039","Lane","43.744352","-122.480487",".","9"
"02/03/2020","AQS","410392013","1","8","ug/m3 SC","7","Oakridge - (OAK)","1","100.0000","81102","PM10 Total 0-10um STP","21660","Eugene, OR","41","Oregon","039","Lane","43.744352","-122.480487",".","8"
"02/04/2020","AQS","410392013","1","6","ug/m3 SC","6","Oakridge - (OAK)","1","100.0000","81102","PM10 Total 0-10um STP","21660","Eugene, OR","41","Oregon","039","Lane","43.744352","-122.480487",".","6"
"02/05/2020","AQS","410392013","1","12","ug/m3 SC","11","Oakridge - (OAK)","1","100.0000","81102","PM10 Total 0-10um STP","21660","Eugene, OR","41","Oregon","039","Lane","43.744352","-122.480487",".","12"
"02/06/2020","AQS","410392013","1","8","ug/m3 SC","7","Oakridge - (OAK)","1","100.0000","81102","PM10 Total 0-10um STP","21660","Eugene, OR","41","Oregon","039","Lane","43.744352","-122.480487",".","8"
"02/07/2020","AQS","410392013","1","7","ug/m3 SC","6","Oakridge - (OAK)","1","100.0000","81102","PM10 Total 0-10um STP","21660","Eugene, OR","41","Oregon","039","Lane","43.744352","-122.480487",".","7"
"02/08/2020","AQS","410392013","1","7","ug/m3 SC","6","Oakridge - (OAK)","1","100.0000","81102","PM10 Total 0-10um STP","21660","Eugene, OR","41","Oregon","039","Lane","43.744352","-122.480487",".","7"
"02/09/2020","AQS","410392013","1","7","ug/m3 SC","6","Oakridge - (OAK)","1","100.0000","81102","PM10 Total 0-10um STP","21660","Eugene, OR","41","Oregon","039","Lane","43.744352","-122.480487",".","7"
"02/10/2020","AQS","410392013","1","11","ug/m3 SC","10","Oakridge - (OAK)","1","100.0000","81102","PM10 Total 0-10um STP","21660","Eugene, OR","41","Oregon","039","Lane","43.744352","-122.480487",".","11"
"02/11/2020","AQS","410392013","1","7","ug/m3 SC","6","Oakridge - (OAK)","1","100.0000","81102","PM10 Total 0-10um STP","21660","Eugene, OR","41","Oregon","039","Lane","43.744352","-122.480487",".","7"
"02/12/2020","AQS","410392013","1","13","ug/m3 SC","12","Oakridge - (OAK)","1","100.0000","81102","PM10 Total 0-10um STP","21660","Eugene, OR","41","Oregon","039","Lane","43.744352","-122.480487",".","13"
"02/13/2020","AQS","410392013","1","7","ug/m3 SC","6","Oakridge - (OAK)","1","100.0000","81102","PM10 Total 0-10um STP","21660","Eugene, OR","41","Oregon","039","Lane","43.744352","-122.480487",".","7"
"02/14/2020","AQS","410392013","1","7","ug/m3 SC","6","Oakridge - (OAK)","1","100.0000","81102","PM10 Total 0-10um STP","21660","Eugene, OR","41","Oregon","039","Lane","43.744352","-122.480487",".","7"
"02/15/2020","AQS","410392013","1","7","ug/m3 SC","6","Oakridge - (OAK)","1","100.0000","81102","PM10 Total 0-10um STP","21660","Eugene, OR","41","Oregon","039","Lane","43.744352","-122.480487",".","7"
"02/16/2020","AQS","410392013","1","4","ug/m3 SC","4","Oakridge - (OAK)","1","100.0000","81102","PM10 Total 0-10um STP","21660","Eugene, OR","41","Oregon","039","Lane","43.744352","-122.480487",".","4"
"02/17/2020","AQS","410392013","1","12","ug/m3 SC","11","Oakridge - (OAK)","1","100.0000","81102","PM10 Total 0-10um STP","21660","Eugene, OR","41","Oregon","039","Lane","43.744352","-122.480487",".","12"
"02/18/2020","AQS","410392013","1","14","ug/m3 SC","13","Oakridge - (OAK)","1","100.0000","81102","PM10 Total 0-10um STP","21660","Eugene, OR","41","Oregon","039","Lane","43.744352","-122.480487",".","14"
"02/19/2020","AQS","410392013","1","34","ug/m3 SC","31","Oakridge - (OAK)","1","100.0000","81102","PM10 Total 0-10um STP","21660","Eugene, OR","41","Oregon","039","Lane","43.744352","-122.480487",".","34"
"02/20/2020","AQS","410392013","1","38","ug/m3 SC","35","Oakridge - (OAK)","1","100.0000","81102","PM10 Total 0-10um STP","21660","Eugene, OR","41","Oregon","039","Lane","43.744352","-122.480487",".","38"
"02/21/2020","AQS","410392013","1","29","ug/m3 SC","27","Oakridge - (OAK)","1","100.0000","81102","PM10 Total 0-10um STP","21660","Eugene, OR","41","Oregon","039","Lane","43.744352","-122.480487",".","29"
"02/22/2020","AQS","410392013","1","31","ug/m3 SC","29","Oakridge - (OAK)","1","100.0000","81102","PM10 Total 0-10um STP","21660","Eugene, OR","41","Oregon","039","Lane","43.744352","-122.480487",".","31"
"02/23/2020","AQS","410392013","1","15","ug/m3 SC","14","Oakridge - (OAK)","1","100.0000","81102","PM10 Total 0-10um STP","21660","Eugene, OR","41","Oregon","039","Lane","43.744352","-122.480487",".","15"
"02/24/2020","AQS","410392013","1","15","ug/m3 SC","14","Oakridge - (OAK)","1","100.0000","81102","PM10 Total 0-10um STP","21660","Eugene, OR","41","Oregon","039","Lane","43.744352","-122.480487",".","15"
"02/25/2020","AQS","410392013","1","19","ug/m3 SC","18","Oakridge - (OAK)","1","100.0000","81102","PM10 Total 0-10um STP","21660","Eugene, OR","41","Oregon","039","Lane","43.744352","-122.480487",".","19"
"02/26/2020","AQS","410392013","1","20","ug/m3 SC","19","Oakridge - (OAK)","1","100.0000","81102","PM10 Total 0-10um STP","21660","Eugene, OR","41","Oregon","039","Lane","43.744352","-122.480487",".","20"
"02/27/2020","AQS","410392013","1","18","ug/m3 SC","17","Oakridge - (OAK)","1","100.0000","81102","PM10 Total 0-10um STP","21660","Eugene, OR","41","Oregon","039","Lane","43.744352","-122.480487",".","18"
"02/28/2020","AQS","410392013","1","22","ug/m3 SC","20","Oakridge - (OAK)","1","100.0000","81102","PM10 Total 0-10um STP","21660","Eugene, OR","41","Oregon","039","Lane","43.744352","-122.480487",".","22"
"02/29/2020","AQS","410392013","1","6","ug/m3 SC","6","Oakridge - (OAK)","1","100.0000","81102","PM10 Total 0-10um STP","21660","Eugene, OR","41","Oregon","039","Lane","43.744352","-122.480487",".","6"
"03/01/2020","AQS","410392013","1","6","ug/m3 SC","6","Oakridge - (OAK)","1","100.0000","81102","PM10 Total 0-10um STP","21660","Eugene, OR","41","Oregon","039","Lane","43.744352","-122.480487",".","6"
"03/02/2020","AQS","410392013","1","7","ug/m3 SC","6","Oakridge - (OAK)","1","100.0000","81102","PM10 Total 0-10um STP","21660","Eugene, OR","41","Oregon","039","Lane","43.744352","-122.480487",".","7"
"03/03/2020","AQS","410392013","1","10","ug/m3 SC","9","Oakridge - (OAK)","1","100.0000","81102","PM10 Total 0-10um STP","21660","Eugene, OR","41","Oregon","039","Lane","43.744352","-122.480487",".","10"
"03/04/2020","AQS","410392013","1","12","ug/m3 SC","11","Oakridge - (OAK)","1","100.0000","81102","PM10 Total 0-10um STP","21660","Eugene, OR","41","Oregon","039","Lane","43.744352","-122.480487",".","12"
"03/05/2020","AQS","410392013","1","18","ug/m3 SC","17","Oakridge - (OAK)","1","100.0000","81102","PM10 Total 0-10um STP","21660","Eugene, OR","41","Oregon","039","Lane","43.744352","-122.480487",".","18"
"03/06/2020","AQS","410392013","1","11","ug/m3 SC","10","Oakridge - (OAK)","1","100.0000","81102","PM10 Total 0-10um STP","21660","Eugene, OR","41","Oregon","039","Lane","43.744352","-122.480487",".","11"
"03/07/2020","AQS","410392013","1","4","ug/m3 SC","4","Oakridge - (OAK)","1","100.0000","81102","PM10 Total 0-10um STP","21660","Eugene, OR","41","Oregon","039","Lane","43.744352","-122.480487",".","4"
"03/08/2020","AQS","410392013","1","6","ug/m3 SC","6","Oakridge - (OAK)","1","100.0000","81102","PM10 Total 0-10um STP","21660","Eugene, OR","41","Oregon","039","Lane","43.744352","-122.480487",".","6"
"03/09/2020","AQS","410392013","1","13","ug/m3 SC","12","Oakridge - (OAK)","1","100.0000","81102","PM10 Total 0-10um STP","21660","Eugene, OR","41","Oregon","039","Lane","43.744352","-122.480487",".","13"
"03/10/2020","AQS","410392013","1","10","ug/m3 SC","9","Oakridge - (OAK)","1","100.0000","81102","PM10 Total 0-10um STP","21660","Eugene, OR","41","Oregon","039","Lane","43.744352","-122.480487",".","10"
"03/11/2020","AQS","410392013","1","19","ug/m3 SC","18","Oakridge - (OAK)","1","100.0000","81102","PM10 Total 0-10um STP","21660","Eugene, OR","41","Oregon","039","Lane","43.744352","-122.480487",".","19"
"03/12/2020","AQS","410392013","1","20","ug/m3 SC","19","Oakridge - (OAK)","1","100.0000","81102","PM10 Total 0-10um STP","21660","Eugene, OR","41","Oregon","039","Lane","43.744352","-122.480487",".","20"
"03/13/2020","AQS","410392013","1","14","ug/m3 SC","13","Oakridge - (OAK)","1","100.0000","81102","PM10 Total 0-10um STP","21660","Eugene, OR","41","Oregon","039","Lane","43.744352","-122.480487",".","14"
"03/14/2020","AQS","410392013","1","5","ug/m3 SC","5","Oakridge - (OAK)","1","100.0000","81102","PM10 Total 0-10um STP","21660","Eugene, OR","41","Oregon","039","Lane","43.744352","-122.480487",".","5"
"03/15/2020","AQS","410392013","1","11","ug/m3 SC","10","Oakridge - (OAK)","1","100.0000","81102","PM10 Total 0-10um STP","21660","Eugene, OR","41","Oregon","039","Lane","43.744352","-122.480487",".","11"
"03/16/2020","AQS","410392013","1","14","ug/m3 SC","13","Oakridge - (OAK)","1","100.0000","81102","PM10 Total 0-10um STP","21660","Eugene, OR","41","Oregon","039","Lane","43.744352","-122.480487",".","14"
"03/17/2020","AQS","410392013","1","13","ug/m3 SC","12","Oakridge - (OAK)","1","100.0000","81102","PM10 Total 0-10um STP","21660","Eugene, OR","41","Oregon","039","Lane","43.744352","-122.480487",".","13"
"03/18/2020","AQS","410392013","1","14","ug/m3 SC","13","Oakridge - (OAK)","1","100.0000","81102","PM10 Total 0-10um STP","21660","Eugene, OR","41","Oregon","039","Lane","43.744352","-122.480487",".","14"
"03/19/2020","AQS","410392013","1","18","ug/m3 SC","17","Oakridge - (OAK)","1","100.0000","81102","PM10 Total 0-10um STP","21660","Eugene, OR","41","Oregon","039","Lane","43.744352","-122.480487",".","18"
"03/20/2020","AQS","410392013","1","12","ug/m3 SC","11","Oakridge - (OAK)","1","100.0000","81102","PM10 Total 0-10um STP","21660","Eugene, OR","41","Oregon","039","Lane","43.744352","-122.480487",".","12"
"03/21/2020","AQS","410392013","1","12","ug/m3 SC","11","Oakridge - (OAK)","1","100.0000","81102","PM10 Total 0-10um STP","21660","Eugene, OR","41","Oregon","039","Lane","43.744352","-122.480487",".","12"
"03/22/2020","AQS","410392013","1","18","ug/m3 SC","17","Oakridge - (OAK)","1","100.0000","81102","PM10 Total 0-10um STP","21660","Eugene, OR","41","Oregon","039","Lane","43.744352","-122.480487",".","18"
"03/23/2020","AQS","410392013","1","6","ug/m3 SC","6","Oakridge - (OAK)","1","100.0000","81102","PM10 Total 0-10um STP","21660","Eugene, OR","41","Oregon","039","Lane","43.744352","-122.480487",".","6"
"03/24/2020","AQS","410392013","1","4","ug/m3 SC","4","Oakridge - (OAK)","1","100.0000","81102","PM10 Total 0-10um STP","21660","Eugene, OR","41","Oregon","039","Lane","43.744352","-122.480487",".","4"
"03/25/2020","AQS","410392013","1","7","ug/m3 SC","6","Oakridge - (OAK)","1","100.0000","81102","PM10 Total 0-10um STP","21660","Eugene, OR","41","Oregon","039","Lane","43.744352","-122.480487",".","7"
"03/26/2020","AQS","410392013","1","7","ug/m3 SC","6","Oakridge - (OAK)","1","100.0000","81102","PM10 Total 0-10um STP","21660","Eugene, OR","41","Oregon","039","Lane","43.744352","-122.480487",".","7"
"03/27/2020","AQS","410392013","1","11","ug/m3 SC","10","Oakridge - (OAK)","1","100.0000","81102","PM10 Total 0-10um STP","21660","Eugene, OR","41","Oregon","039","Lane","43.744352","-122.480487",".","11"
"03/28/2020","AQS","410392013","1","8","ug/m3 SC","7","Oakridge - (OAK)","1","100.0000","81102","PM10 Total 0-10um STP","21660","Eugene, OR","41","Oregon","039","Lane","43.744352","-122.480487",".","8"
"03/29/2020","AQS","410392013","1","7","ug/m3 SC","6","Oakridge - (OAK)","1","100.0000","81102","PM10 Total 0-10um STP","21660","Eugene, OR","41","Oregon","039","Lane","43.744352","-122.480487",".","7"
"03/30/2020","AQS","410392013","1","4","ug/m3 SC","4","Oakridge - (OAK)","1","100.0000","81102","PM10 Total 0-10um STP","21660","Eugene, OR","41","Oregon","039","Lane","43.744352","-122.480487",".","4"
"03/31/2020","AQS","410392013","1","4","ug/m3 SC","4","Oakridge - (OAK)","1","100.0000","81102","PM10 Total 0-10um STP","21660","Eugene, OR","41","Oregon","039","Lane","43.744352","-122.480487",".","4"
"04/01/2020","AQS","410392013","1","6","ug/m3 SC","6","Oakridge - (OAK)","1","100.0000","81102","PM10 Total 0-10um STP","21660","Eugene, OR","41","Oregon","039","Lane","43.744352","-122.480487",".","6"
"04/02/2020","AQS","410392013","1","4","ug/m3 SC","4","Oakridge - (OAK)","1","100.0000","81102","PM10 Total 0-10um STP","21660","Eugene, OR","41","Oregon","039","Lane","43.744352","-122.480487",".","4"
"04/03/2020","AQS","410392013","1","5","ug/m3 SC","5","Oakridge - (OAK)","1","100.0000","81102","PM10 Total 0-10um STP","21660","Eugene, OR","41","Oregon","039","Lane","43.744352","-122.480487",".","5"
"04/04/2020","AQS","410392013","1","6","ug/m3 SC","6","Oakridge - (OAK)","1","100.0000","81102","PM10 Total 0-10um STP","21660","Eugene, OR","41","Oregon","039","Lane","43.744352","-122.480487",".","6"
"04/05/2020","AQS","410392013","1","5","ug/m3 SC","5","Oakridge - (OAK)","1","100.0000","81102","PM10 Total 0-10um STP","21660","Eugene, OR","41","Oregon","039","Lane","43.744352","-122.480487",".","5"
"04/06/2020","AQS","410392013","1","6","ug/m3 SC","6","Oakridge - (OAK)","1","100.0000","81102","PM10 Total 0-10um STP","21660","Eugene, OR","41","Oregon","039","Lane","43.744352","-122.480487",".","6"
"04/07/2020","AQS","410392013","1","11","ug/m3 SC","10","Oakridge - (OAK)","1","100.0000","81102","PM10 Total 0-10um STP","21660","Eugene, OR","41","Oregon","039","Lane","43.744352","-122.480487",".","11"
"04/16/2020","AQS","410392013","1","25","ug/m3 SC","23","Oakridge - (OAK)","1","100.0000","81102","PM10 Total 0-10um STP","21660","Eugene, OR","41","Oregon","039","Lane","43.744352","-122.480487",".","25"
"04/17/2020","AQS","410392013","1","20","ug/m3 SC","19","Oakridge - (OAK)","1","100.0000","81102","PM10 Total 0-10um STP","21660","Eugene, OR","41","Oregon","039","Lane","43.744352","-122.480487",".","20"
"04/18/2020","AQS","410392013","1","13","ug/m3 SC","12","Oakridge - (OAK)","1","100.0000","81102","PM10 Total 0-10um STP","21660","Eugene, OR","41","Oregon","039","Lane","43.744352","-122.480487",".","13"
"04/19/2020","AQS","410392013","1","9","ug/m3 SC","8","Oakridge - (OAK)","1","100.0000","81102","PM10 Total 0-10um STP","21660","Eugene, OR","41","Oregon","039","Lane","43.744352","-122.480487",".","9"
"04/20/2020","AQS","410392013","1","11","ug/m3 SC","10","Oakridge - (OAK)","1","100.0000","81102","PM10 Total 0-10um STP","21660","Eugene, OR","41","Oregon","039","Lane","43.744352","-122.480487",".","11"
"04/21/2020","AQS","410392013","1","6","ug/m3 SC","6","Oakridge - (OAK)","1","100.0000","81102","PM10 Total 0-10um STP","21660","Eugene, OR","41","Oregon","039","Lane","43.744352","-122.480487",".","6"
"04/22/2020","AQS","410392013","1","6","ug/m3 SC","6","Oakridge - (OAK)","1","100.0000","81102","PM10 Total 0-10um STP","21660","Eugene, OR","41","Oregon","039","Lane","43.744352","-122.480487",".","6"
"04/23/2020","AQS","410392013","1","4","ug/m3 SC","4","Oakridge - (OAK)","1","100.0000","81102","PM10 Total 0-10um STP","21660","Eugene, OR","41","Oregon","039","Lane","43.744352","-122.480487",".","4"
"04/24/2020","AQS","410392013","1","7","ug/m3 SC","6","Oakridge - (OAK)","1","100.0000","81102","PM10 Total 0-10um STP","21660","Eugene, OR","41","Oregon","039","Lane","43.744352","-122.480487",".","7"
"04/25/2020","AQS","410392013","1","4","ug/m3 SC","4","Oakridge - (OAK)","1","100.0000","81102","PM10 Total 0-10um STP","21660","Eugene, OR","41","Oregon","039","Lane","43.744352","-122.480487",".","4"
"04/26/2020","AQS","410392013","1","5","ug/m3 SC","5","Oakridge - (OAK)","1","100.0000","81102","PM10 Total 0-10um STP","21660","Eugene, OR","41","Oregon","039","Lane","43.744352","-122.480487",".","5"
"04/27/2020","AQS","410392013","1","4","ug/m3 SC","4","Oakridge - (OAK)","1","100.0000","81102","PM10 Total 0-10um STP","21660","Eugene, OR","41","Oregon","039","Lane","43.744352","-122.480487",".","4"
"04/28/2020","AQS","410392013","1","3","ug/m3 SC","3","Oakridge - (OAK)","1","100.0000","81102","PM10 Total 0-10um STP","21660","Eugene, OR","41","Oregon","039","Lane","43.744352","-122.480487",".","3"
"04/29/2020","AQS","410392013","1","8","ug/m3 SC","7","Oakridge - (OAK)","1","100.0000","81102","PM10 Total 0-10um STP","21660","Eugene, OR","41","Oregon","039","Lane","43.744352","-122.480487",".","8"
"04/30/2020","AQS","410392013","1","6","ug/m3 SC","6","Oakridge - (OAK)","1","100.0000","81102","PM10 Total 0-10um STP","21660","Eugene, OR","41","Oregon","039","Lane","43.744352","-122.480487",".","6"
"05/01/2020","AQS","410392013","1","10","ug/m3 SC","9","Oakridge - (OAK)","1","100.0000","81102","PM10 Total 0-10um STP","21660","Eugene, OR","41","Oregon","039","Lane","43.744352","-122.480487",".","10"
"05/02/2020","AQS","410392013","1","8","ug/m3 SC","7","Oakridge - (OAK)","1","100.0000","81102","PM10 Total 0-10um STP","21660","Eugene, OR","41","Oregon","039","Lane","43.744352","-122.480487",".","8"
"05/03/2020","AQS","410392013","1","7","ug/m3 SC","6","Oakridge - (OAK)","1","100.0000","81102","PM10 Total 0-10um STP","21660","Eugene, OR","41","Oregon","039","Lane","43.744352","-122.480487",".","7"
"05/04/2020","AQS","410392013","1","7","ug/m3 SC","6","Oakridge - (OAK)","1","100.0000","81102","PM10 Total 0-10um STP","21660","Eugene, OR","41","Oregon","039","Lane","43.744352","-122.480487",".","7"
"05/05/2020","AQS","410392013","1","7","ug/m3 SC","6","Oakridge - (OAK)","1","100.0000","81102","PM10 Total 0-10um STP","21660","Eugene, OR","41","Oregon","039","Lane","43.744352","-122.480487",".","7"
"05/06/2020","AQS","410392013","1","5","ug/m3 SC","5","Oakridge - (OAK)","1","100.0000","81102","PM10 Total 0-10um STP","21660","Eugene, OR","41","Oregon","039","Lane","43.744352","-122.480487",".","5"
"05/07/2020","AQS","410392013","1","8","ug/m3 SC","7","Oakridge - (OAK)","1","100.0000","81102","PM10 Total 0-10um STP","21660","Eugene, OR","41","Oregon","039","Lane","43.744352","-122.480487",".","8"
"05/08/2020","AQS","410392013","1","13","ug/m3 SC","12","Oakridge - (OAK)","1","100.0000","81102","PM10 Total 0-10um STP","21660","Eugene, OR","41","Oregon","039","Lane","43.744352","-122.480487",".","13"
"05/09/2020","AQS","410392013","1","11","ug/m3 SC","10","Oakridge - (OAK)","1","100.0000","81102","PM10 Total 0-10um STP","21660","Eugene, OR","41","Oregon","039","Lane","43.744352","-122.480487",".","11"
"05/10/2020","AQS","410392013","1","11","ug/m3 SC","10","Oakridge - (OAK)","1","100.0000","81102","PM10 Total 0-10um STP","21660","Eugene, OR","41","Oregon","039","Lane","43.744352","-122.480487",".","11"
"05/11/2020","AQS","410392013","1","11","ug/m3 SC","10","Oakridge - (OAK)","1","100.0000","81102","PM10 Total 0-10um STP","21660","Eugene, OR","41","Oregon","039","Lane","43.744352","-122.480487",".","11"
"05/12/2020","AQS","410392013","1","5","ug/m3 SC","5","Oakridge - (OAK)","1","100.0000","81102","PM10 Total 0-10um STP","21660","Eugene, OR","41","Oregon","039","Lane","43.744352","-122.480487",".","5"
"05/13/2020","AQS","410392013","1","4","ug/m3 SC","4","Oakridge - (OAK)","1","100.0000","81102","PM10 Total 0-10um STP","21660","Eugene, OR","41","Oregon","039","Lane","43.744352","-122.480487",".","4"
"05/14/2020","AQS","410392013","1","6","ug/m3 SC","6","Oakridge - (OAK)","1","100.0000","81102","PM10 Total 0-10um STP","21660","Eugene, OR","41","Oregon","039","Lane","43.744352","-122.480487",".","6"
"05/15/2020","AQS","410392013","1","6","ug/m3 SC","6","Oakridge - (OAK)","1","100.0000","81102","PM10 Total 0-10um STP","21660","Eugene, OR","41","Oregon","039","Lane","43.744352","-122.480487",".","6"
"05/16/2020","AQS","410392013","1","6","ug/m3 SC","6","Oakridge - (OAK)","1","100.0000","81102","PM10 Total 0-10um STP","21660","Eugene, OR","41","Oregon","039","Lane","43.744352","-122.480487",".","6"
"05/17/2020","AQS","410392013","1","4","ug/m3 SC","4","Oakridge - (OAK)","1","100.0000","81102","PM10 Total 0-10um STP","21660","Eugene, OR","41","Oregon","039","Lane","43.744352","-122.480487",".","4"
"05/18/2020","AQS","410392013","1","5","ug/m3 SC","5","Oakridge - (OAK)","1","100.0000","81102","PM10 Total 0-10um STP","21660","Eugene, OR","41","Oregon","039","Lane","43.744352","-122.480487",".","5"
"05/19/2020","AQS","410392013","1","3","ug/m3 SC","3","Oakridge - (OAK)","1","100.0000","81102","PM10 Total 0-10um STP","21660","Eugene, OR","41","Oregon","039","Lane","43.744352","-122.480487",".","3"
"05/20/2020","AQS","410392013","1","4","ug/m3 SC","4","Oakridge - (OAK)","1","100.0000","81102","PM10 Total 0-10um STP","21660","Eugene, OR","41","Oregon","039","Lane","43.744352","-122.480487",".","4"
"05/21/2020","AQS","410392013","1","4","ug/m3 SC","4","Oakridge - (OAK)","1","100.0000","81102","PM10 Total 0-10um STP","21660","Eugene, OR","41","Oregon","039","Lane","43.744352","-122.480487",".","4"
"05/22/2020","AQS","410392013","1","4","ug/m3 SC","4","Oakridge - (OAK)","1","100.0000","81102","PM10 Total 0-10um STP","21660","Eugene, OR","41","Oregon","039","Lane","43.744352","-122.480487",".","4"
"05/23/2020","AQS","410392013","1","6","ug/m3 SC","6","Oakridge - (OAK)","1","100.0000","81102","PM10 Total 0-10um STP","21660","Eugene, OR","41","Oregon","039","Lane","43.744352","-122.480487",".","6"
"05/24/2020","AQS","410392013","1","8","ug/m3 SC","7","Oakridge - (OAK)","1","100.0000","81102","PM10 Total 0-10um STP","21660","Eugene, OR","41","Oregon","039","Lane","43.744352","-122.480487",".","8"
"05/25/2020","AQS","410392013","1","6","ug/m3 SC","6","Oakridge - (OAK)","1","100.0000","81102","PM10 Total 0-10um STP","21660","Eugene, OR","41","Oregon","039","Lane","43.744352","-122.480487",".","6"
"05/26/2020","AQS","410392013","1","6","ug/m3 SC","6","Oakridge - (OAK)","1","100.0000","81102","PM10 Total 0-10um STP","21660","Eugene, OR","41","Oregon","039","Lane","43.744352","-122.480487",".","6"
"05/27/2020","AQS","410392013","1","9","ug/m3 SC","8","Oakridge - (OAK)","1","100.0000","81102","PM10 Total 0-10um STP","21660","Eugene, OR","41","Oregon","039","Lane","43.744352","-122.480487",".","9"
"05/28/2020","AQS","410392013","1","11","ug/m3 SC","10","Oakridge - (OAK)","1","100.0000","81102","PM10 Total 0-10um STP","21660","Eugene, OR","41","Oregon","039","Lane","43.744352","-122.480487",".","11"
"05/29/2020","AQS","410392013","1","14","ug/m3 SC","13","Oakridge - (OAK)","1","100.0000","81102","PM10 Total 0-10um STP","21660","Eugene, OR","41","Oregon","039","Lane","43.744352","-122.480487",".","14"
"05/30/2020","AQS","410392013","1","9","ug/m3 SC","8","Oakridge - (OAK)","1","100.0000","81102","PM10 Total 0-10um STP","21660","Eugene, OR","41","Oregon","039","Lane","43.744352","-122.480487",".","9"
"05/31/2020","AQS","410392013","1","5","ug/m3 SC","5","Oakridge - (OAK)","1","100.0000","81102","PM10 Total 0-10um STP","21660","Eugene, OR","41","Oregon","039","Lane","43.744352","-122.480487",".","5"
"06/01/2020","AQS","410392013","1","7","ug/m3 SC","6","Oakridge - (OAK)","1","100.0000","81102","PM10 Total 0-10um STP","21660","Eugene, OR","41","Oregon","039","Lane","43.744352","-122.480487",".","7"
"06/02/2020","AQS","410392013","1","8","ug/m3 SC","7","Oakridge - (OAK)","1","100.0000","81102","PM10 Total 0-10um STP","21660","Eugene, OR","41","Oregon","039","Lane","43.744352","-122.480487",".","8"
"06/03/2020","AQS","410392013","1","8","ug/m3 SC","7","Oakridge - (OAK)","1","100.0000","81102","PM10 Total 0-10um STP","21660","Eugene, OR","41","Oregon","039","Lane","43.744352","-122.480487",".","8"
"06/04/2020","AQS","410392013","1","10","ug/m3 SC","9","Oakridge - (OAK)","1","100.0000","81102","PM10 Total 0-10um STP","21660","Eugene, OR","41","Oregon","039","Lane","43.744352","-122.480487",".","10"
"06/05/2020","AQS","410392013","1","9","ug/m3 SC","8","Oakridge - (OAK)","1","100.0000","81102","PM10 Total 0-10um STP","21660","Eugene, OR","41","Oregon","039","Lane","43.744352","-122.480487",".","9"
"06/06/2020","AQS","410392013","1","5","ug/m3 SC","5","Oakridge - (OAK)","1","100.0000","81102","PM10 Total 0-10um STP","21660","Eugene, OR","41","Oregon","039","Lane","43.744352","-122.480487",".","5"
"06/07/2020","AQS","410392013","1","3","ug/m3 SC","3","Oakridge - (OAK)","1","100.0000","81102","PM10 Total 0-10um STP","21660","Eugene, OR","41","Oregon","039","Lane","43.744352","-122.480487",".","3"
"06/08/2020","AQS","410392013","1","3","ug/m3 SC","3","Oakridge - (OAK)","1","100.0000","81102","PM10 Total 0-10um STP","21660","Eugene, OR","41","Oregon","039","Lane","43.744352","-122.480487",".","3"
"06/09/2020","AQS","410392013","1","4","ug/m3 SC","4","Oakridge - (OAK)","1","100.0000","81102","PM10 Total 0-10um STP","21660","Eugene, OR","41","Oregon","039","Lane","43.744352","-122.480487",".","4"
"06/10/2020","AQS","410392013","1","3","ug/m3 SC","3","Oakridge - (OAK)","1","100.0000","81102","PM10 Total 0-10um STP","21660","Eugene, OR","41","Oregon","039","Lane","43.744352","-122.480487",".","3"
"06/11/2020","AQS","410392013","1","4","ug/m3 SC","4","Oakridge - (OAK)","1","100.0000","81102","PM10 Total 0-10um STP","21660","Eugene, OR","41","Oregon","039","Lane","43.744352","-122.480487",".","4"
"06/12/2020","AQS","410392013","1","4","ug/m3 SC","4","Oakridge - (OAK)","1","100.0000","81102","PM10 Total 0-10um STP","21660","Eugene, OR","41","Oregon","039","Lane","43.744352","-122.480487",".","4"
"06/13/2020","AQS","410392013","1","4","ug/m3 SC","4","Oakridge - (OAK)","1","100.0000","81102","PM10 Total 0-10um STP","21660","Eugene, OR","41","Oregon","039","Lane","43.744352","-122.480487",".","4"
"06/14/2020","AQS","410392013","1","3","ug/m3 SC","3","Oakridge - (OAK)","1","100.0000","81102","PM10 Total 0-10um STP","21660","Eugene, OR","41","Oregon","039","Lane","43.744352","-122.480487",".","3"
"06/15/2020","AQS","410392013","1","5","ug/m3 SC","5","Oakridge - (OAK)","1","100.0000","81102","PM10 Total 0-10um STP","21660","Eugene, OR","41","Oregon","039","Lane","43.744352","-122.480487",".","5"
"06/16/2020","AQS","410392013","1","4","ug/m3 SC","4","Oakridge - (OAK)","1","100.0000","81102","PM10 Total 0-10um STP","21660","Eugene, OR","41","Oregon","039","Lane","43.744352","-122.480487",".","4"
"06/17/2020","AQS","410392013","1","3","ug/m3 SC","3","Oakridge - (OAK)","1","100.0000","81102","PM10 Total 0-10um STP","21660","Eugene, OR","41","Oregon","039","Lane","43.744352","-122.480487",".","3"
"06/18/2020","AQS","410392013","1","7","ug/m3 SC","6","Oakridge - (OAK)","1","100.0000","81102","PM10 Total 0-10um STP","21660","Eugene, OR","41","Oregon","039","Lane","43.744352","-122.480487",".","7"
"06/19/2020","AQS","410392013","1","7","ug/m3 SC","6","Oakridge - (OAK)","1","100.0000","81102","PM10 Total 0-10um STP","21660","Eugene, OR","41","Oregon","039","Lane","43.744352","-122.480487",".","7"
"06/20/2020","AQS","410392013","1","6","ug/m3 SC","6","Oakridge - (OAK)","1","100.0000","81102","PM10 Total 0-10um STP","21660","Eugene, OR","41","Oregon","039","Lane","43.744352","-122.480487",".","6"
"06/21/2020","AQS","410392013","1","1","ug/m3 SC","1","Oakridge - (OAK)","1","100.0000","81102","PM10 Total 0-10um STP","21660","Eugene, OR","41","Oregon","039","Lane","43.744352","-122.480487",".","1"
"06/22/2020","AQS","410392013","1","7","ug/m3 SC","6","Oakridge - (OAK)","1","100.0000","81102","PM10 Total 0-10um STP","21660","Eugene, OR","41","Oregon","039","Lane","43.744352","-122.480487",".","7"
"06/23/2020","AQS","410392013","1","9","ug/m3 SC","8","Oakridge - (OAK)","1","100.0000","81102","PM10 Total 0-10um STP","21660","Eugene, OR","41","Oregon","039","Lane","43.744352","-122.480487",".","9"
"06/24/2020","AQS","410392013","1","6","ug/m3 SC","6","Oakridge - (OAK)","1","100.0000","81102","PM10 Total 0-10um STP","21660","Eugene, OR","41","Oregon","039","Lane","43.744352","-122.480487",".","6"
"06/25/2020","AQS","410392013","1","7","ug/m3 SC","6","Oakridge - (OAK)","1","100.0000","81102","PM10 Total 0-10um STP","21660","Eugene, OR","41","Oregon","039","Lane","43.744352","-122.480487",".","7"
"06/26/2020","AQS","410392013","1","11","ug/m3 SC","10","Oakridge - (OAK)","1","100.0000","81102","PM10 Total 0-10um STP","21660","Eugene, OR","41","Oregon","039","Lane","43.744352","-122.480487",".","11"
"06/27/2020","AQS","410392013","1","5","ug/m3 SC","5","Oakridge - (OAK)","1","100.0000","81102","PM10 Total 0-10um STP","21660","Eugene, OR","41","Oregon","039","Lane","43.744352","-122.480487",".","5"
"06/28/2020","AQS","410392013","1","5","ug/m3 SC","5","Oakridge - (OAK)","1","100.0000","81102","PM10 Total 0-10um STP","21660","Eugene, OR","41","Oregon","039","Lane","43.744352","-122.480487",".","5"
"06/29/2020","AQS","410392013","1","7","ug/m3 SC","6","Oakridge - (OAK)","1","100.0000","81102","PM10 Total 0-10um STP","21660","Eugene, OR","41","Oregon","039","Lane","43.744352","-122.480487",".","7"
"06/30/2020","AQS","410392013","1","4","ug/m3 SC","4","Oakridge - (OAK)","1","100.0000","81102","PM10 Total 0-10um STP","21660","Eugene, OR","41","Oregon","039","Lane","43.744352","-122.480487",".","4"
"07/01/2020","AQS","410392013","1","4","ug/m3 SC","4","Oakridge - (OAK)","1","100.0000","81102","PM10 Total 0-10um STP","21660","Eugene, OR","41","Oregon","039","Lane","43.744352","-122.480487",".","4"
"07/02/2020","AQS","410392013","1","8","ug/m3 SC","7","Oakridge - (OAK)","1","100.0000","81102","PM10 Total 0-10um STP","21660","Eugene, OR","41","Oregon","039","Lane","43.744352","-122.480487",".","8"
"07/03/2020","AQS","410392013","1","14","ug/m3 SC","13","Oakridge - (OAK)","1","100.0000","81102","PM10 Total 0-10um STP","21660","Eugene, OR","41","Oregon","039","Lane","43.744352","-122.480487",".","14"
"07/04/2020","AQS","410392013","1","30","ug/m3 SC","28","Oakridge - (OAK)","1","100.0000","81102","PM10 Total 0-10um STP","21660","Eugene, OR","41","Oregon","039","Lane","43.744352","-122.480487",".","30"
"07/05/2020","AQS","410392013","1","14","ug/m3 SC","13","Oakridge - (OAK)","1","100.0000","81102","PM10 Total 0-10um STP","21660","Eugene, OR","41","Oregon","039","Lane","43.744352","-122.480487",".","14"
"07/06/2020","AQS","410392013","1","6","ug/m3 SC","6","Oakridge - (OAK)","1","100.0000","81102","PM10 Total 0-10um STP","21660","Eugene, OR","41","Oregon","039","Lane","43.744352","-122.480487",".","6"
"07/07/2020","AQS","410392013","1","3","ug/m3 SC","3","Oakridge - (OAK)","1","100.0000","81102","PM10 Total 0-10um STP","21660","Eugene, OR","41","Oregon","039","Lane","43.744352","-122.480487",".","3"
"07/08/2020","AQS","410392013","1","6","ug/m3 SC","6","Oakridge - (OAK)","1","100.0000","81102","PM10 Total 0-10um STP","21660","Eugene, OR","41","Oregon","039","Lane","43.744352","-122.480487",".","6"
"07/09/2020","AQS","410392013","1","10","ug/m3 SC","9","Oakridge - (OAK)","1","100.0000","81102","PM10 Total 0-10um STP","21660","Eugene, OR","41","Oregon","039","Lane","43.744352","-122.480487",".","10"
"07/10/2020","AQS","410392013","1","9","ug/m3 SC","8","Oakridge - (OAK)","1","100.0000","81102","PM10 Total 0-10um STP","21660","Eugene, OR","41","Oregon","039","Lane","43.744352","-122.480487",".","9"
"07/11/2020","AQS","410392013","1","9","ug/m3 SC","8","Oakridge - (OAK)","1","100.0000","81102","PM10 Total 0-10um STP","21660","Eugene, OR","41","Oregon","039","Lane","43.744352","-122.480487",".","9"
"07/12/2020","AQS","410392013","1","6","ug/m3 SC","6","Oakridge - (OAK)","1","100.0000","81102","PM10 Total 0-10um STP","21660","Eugene, OR","41","Oregon","039","Lane","43.744352","-122.480487",".","6"
"07/13/2020","AQS","410392013","1","9","ug/m3 SC","8","Oakridge - (OAK)","1","100.0000","81102","PM10 Total 0-10um STP","21660","Eugene, OR","41","Oregon","039","Lane","43.744352","-122.480487",".","9"
"07/14/2020","AQS","410392013","1","13","ug/m3 SC","12","Oakridge - (OAK)","1","100.0000","81102","PM10 Total 0-10um STP","21660","Eugene, OR","41","Oregon","039","Lane","43.744352","-122.480487",".","13"
"07/15/2020","AQS","410392013","1","13","ug/m3 SC","12","Oakridge - (OAK)","1","100.0000","81102","PM10 Total 0-10um STP","21660","Eugene, OR","41","Oregon","039","Lane","43.744352","-122.480487",".","13"
"07/16/2020","AQS","410392013","1","13","ug/m3 SC","12","Oakridge - (OAK)","1","100.0000","81102","PM10 Total 0-10um STP","21660","Eugene, OR","41","Oregon","039","Lane","43.744352","-122.480487",".","13"
"07/17/2020","AQS","410392013","1","9","ug/m3 SC","8","Oakridge - (OAK)","1","100.0000","81102","PM10 Total 0-10um STP","21660","Eugene, OR","41","Oregon","039","Lane","43.744352","-122.480487",".","9"
"07/18/2020","AQS","410392013","1","10","ug/m3 SC","9","Oakridge - (OAK)","1","100.0000","81102","PM10 Total 0-10um STP","21660","Eugene, OR","41","Oregon","039","Lane","43.744352","-122.480487",".","10"
"07/19/2020","AQS","410392013","1","11","ug/m3 SC","10","Oakridge - (OAK)","1","100.0000","81102","PM10 Total 0-10um STP","21660","Eugene, OR","41","Oregon","039","Lane","43.744352","-122.480487",".","11"
"07/20/2020","AQS","410392013","1","14","ug/m3 SC","13","Oakridge - (OAK)","1","100.0000","81102","PM10 Total 0-10um STP","21660","Eugene, OR","41","Oregon","039","Lane","43.744352","-122.480487",".","14"
"07/21/2020","AQS","410392013","1","16","ug/m3 SC","15","Oakridge - (OAK)","1","100.0000","81102","PM10 Total 0-10um STP","21660","Eugene, OR","41","Oregon","039","Lane","43.744352","-122.480487",".","16"
"07/22/2020","AQS","410392013","1","15","ug/m3 SC","14","Oakridge - (OAK)","1","100.0000","81102","PM10 Total 0-10um STP","21660","Eugene, OR","41","Oregon","039","Lane","43.744352","-122.480487",".","15"
"07/23/2020","AQS","410392013","1","12","ug/m3 SC","11","Oakridge - (OAK)","1","100.0000","81102","PM10 Total 0-10um STP","21660","Eugene, OR","41","Oregon","039","Lane","43.744352","-122.480487",".","12"
"07/24/2020","AQS","410392013","1","11","ug/m3 SC","10","Oakridge - (OAK)","1","100.0000","81102","PM10 Total 0-10um STP","21660","Eugene, OR","41","Oregon","039","Lane","43.744352","-122.480487",".","11"
"07/25/2020","AQS","410392013","1","11","ug/m3 SC","10","Oakridge - (OAK)","1","100.0000","81102","PM10 Total 0-10um STP","21660","Eugene, OR","41","Oregon","039","Lane","43.744352","-122.480487",".","11"
"07/26/2020","AQS","410392013","1","12","ug/m3 SC","11","Oakridge - (OAK)","1","100.0000","81102","PM10 Total 0-10um STP","21660","Eugene, OR","41","Oregon","039","Lane","43.744352","-122.480487",".","12"
"07/27/2020","AQS","410392013","1","16","ug/m3 SC","15","Oakridge - (OAK)","1","100.0000","81102","PM10 Total 0-10um STP","21660","Eugene, OR","41","Oregon","039","Lane","43.744352","-122.480487",".","16"
"07/28/2020","AQS","410392013","1","20","ug/m3 SC","19","Oakridge - (OAK)","1","100.0000","81102","PM10 Total 0-10um STP","21660","Eugene, OR","41","Oregon","039","Lane","43.744352","-122.480487",".","20"
"07/29/2020","AQS","410392013","1","19","ug/m3 SC","18","Oakridge - (OAK)","1","100.0000","81102","PM10 Total 0-10um STP","21660","Eugene, OR","41","Oregon","039","Lane","43.744352","-122.480487",".","19"
"07/30/2020","AQS","410392013","1","31","ug/m3 SC","29","Oakridge - (OAK)","1","100.0000","81102","PM10 Total 0-10um STP","21660","Eugene, OR","41","Oregon","039","Lane","43.744352","-122.480487",".","31"
"07/31/2020","AQS","410392013","1","16","ug/m3 SC","15","Oakridge - (OAK)","1","100.0000","81102","PM10 Total 0-10um STP","21660","Eugene, OR","41","Oregon","039","Lane","43.744352","-122.480487",".","16"
"08/01/2020","AQS","410392013","1","11","ug/m3 SC","10","Oakridge - (OAK)","1","100.0000","81102","PM10 Total 0-10um STP","21660","Eugene, OR","41","Oregon","039","Lane","43.744352","-122.480487",".","11"
"08/02/2020","AQS","410392013","1","10","ug/m3 SC","9","Oakridge - (OAK)","1","100.0000","81102","PM10 Total 0-10um STP","21660","Eugene, OR","41","Oregon","039","Lane","43.744352","-122.480487",".","10"
"08/03/2020","AQS","410392013","1","9","ug/m3 SC","8","Oakridge - (OAK)","1","100.0000","81102","PM10 Total 0-10um STP","21660","Eugene, OR","41","Oregon","039","Lane","43.744352","-122.480487",".","9"
"08/04/2020","AQS","410392013","1","14","ug/m3 SC","13","Oakridge - (OAK)","1","100.0000","81102","PM10 Total 0-10um STP","21660","Eugene, OR","41","Oregon","039","Lane","43.744352","-122.480487",".","14"
"08/05/2020","AQS","410392013","1","12","ug/m3 SC","11","Oakridge - (OAK)","1","100.0000","81102","PM10 Total 0-10um STP","21660","Eugene, OR","41","Oregon","039","Lane","43.744352","-122.480487",".","12"
"08/06/2020","AQS","410392013","1","6","ug/m3 SC","6","Oakridge - (OAK)","1","100.0000","81102","PM10 Total 0-10um STP","21660","Eugene, OR","41","Oregon","039","Lane","43.744352","-122.480487",".","6"
"08/07/2020","AQS","410392013","1","8","ug/m3 SC","7","Oakridge - (OAK)","1","100.0000","81102","PM10 Total 0-10um STP","21660","Eugene, OR","41","Oregon","039","Lane","43.744352","-122.480487",".","8"
"08/08/2020","AQS","410392013","1","9","ug/m3 SC","8","Oakridge - (OAK)","1","100.0000","81102","PM10 Total 0-10um STP","21660","Eugene, OR","41","Oregon","039","Lane","43.744352","-122.480487",".","9"
"08/09/2020","AQS","410392013","1","8","ug/m3 SC","7","Oakridge - (OAK)","1","100.0000","81102","PM10 Total 0-10um STP","21660","Eugene, OR","41","Oregon","039","Lane","43.744352","-122.480487",".","8"
"08/10/2020","AQS","410392013","1","10","ug/m3 SC","9","Oakridge - (OAK)","1","100.0000","81102","PM10 Total 0-10um STP","21660","Eugene, OR","41","Oregon","039","Lane","43.744352","-122.480487",".","10"
"08/11/2020","AQS","410392013","1","15","ug/m3 SC","14","Oakridge - (OAK)","1","100.0000","81102","PM10 Total 0-10um STP","21660","Eugene, OR","41","Oregon","039","Lane","43.744352","-122.480487",".","15"
"08/12/2020","AQS","410392013","1","16","ug/m3 SC","15","Oakridge - (OAK)","1","100.0000","81102","PM10 Total 0-10um STP","21660","Eugene, OR","41","Oregon","039","Lane","43.744352","-122.480487",".","16"
"08/13/2020","AQS","410392013","1","16","ug/m3 SC","15","Oakridge - (OAK)","1","100.0000","81102","PM10 Total 0-10um STP","21660","Eugene, OR","41","Oregon","039","Lane","43.744352","-122.480487",".","16"
"08/14/2020","AQS","410392013","1","18","ug/m3 SC","17","Oakridge - (OAK)","1","100.0000","81102","PM10 Total 0-10um STP","21660","Eugene, OR","41","Oregon","039","Lane","43.744352","-122.480487",".","18"
"08/15/2020","AQS","410392013","1","17","ug/m3 SC","16","Oakridge - (OAK)","1","100.0000","81102","PM10 Total 0-10um STP","21660","Eugene, OR","41","Oregon","039","Lane","43.744352","-122.480487",".","17"
"08/16/2020","AQS","410392013","1","15","ug/m3 SC","14","Oakridge - (OAK)","1","100.0000","81102","PM10 Total 0-10um STP","21660","Eugene, OR","41","Oregon","039","Lane","43.744352","-122.480487",".","15"
"08/17/2020","AQS","410392013","1","18","ug/m3 SC","17","Oakridge - (OAK)","1","100.0000","81102","PM10 Total 0-10um STP","21660","Eugene, OR","41","Oregon","039","Lane","43.744352","-122.480487",".","18"
"08/18/2020","AQS","410392013","1","14","ug/m3 SC","13","Oakridge - (OAK)","1","100.0000","81102","PM10 Total 0-10um STP","21660","Eugene, OR","41","Oregon","039","Lane","43.744352","-122.480487",".","14"
"08/19/2020","AQS","410392013","1","14","ug/m3 SC","13","Oakridge - (OAK)","1","100.0000","81102","PM10 Total 0-10um STP","21660","Eugene, OR","41","Oregon","039","Lane","43.744352","-122.480487",".","14"
"08/20/2020","AQS","410392013","1","7","ug/m3 SC","6","Oakridge - (OAK)","1","100.0000","81102","PM10 Total 0-10um STP","21660","Eugene, OR","41","Oregon","039","Lane","43.744352","-122.480487",".","7"
"08/21/2020","AQS","410392013","1","6","ug/m3 SC","6","Oakridge - (OAK)","1","100.0000","81102","PM10 Total 0-10um STP","21660","Eugene, OR","41","Oregon","039","Lane","43.744352","-122.480487",".","6"
"08/22/2020","AQS","410392013","1","5","ug/m3 SC","5","Oakridge - (OAK)","1","100.0000","81102","PM10 Total 0-10um STP","21660","Eugene, OR","41","Oregon","039","Lane","43.744352","-122.480487",".","5"
"08/23/2020","AQS","410392013","1","10","ug/m3 SC","9","Oakridge - (OAK)","1","100.0000","81102","PM10 Total 0-10um STP","21660","Eugene, OR","41","Oregon","039","Lane","43.744352","-122.480487",".","10"
"08/24/2020","AQS","410392013","1","15","ug/m3 SC","14","Oakridge - (OAK)","1","100.0000","81102","PM10 Total 0-10um STP","21660","Eugene, OR","41","Oregon","039","Lane","43.744352","-122.480487",".","15"
"08/25/2020","AQS","410392013","1","19","ug/m3 SC","18","Oakridge - (OAK)","1","100.0000","81102","PM10 Total 0-10um STP","21660","Eugene, OR","41","Oregon","039","Lane","43.744352","-122.480487",".","19"
"08/26/2020","AQS","410392013","1","19","ug/m3 SC","18","Oakridge - (OAK)","1","100.0000","81102","PM10 Total 0-10um STP","21660","Eugene, OR","41","Oregon","039","Lane","43.744352","-122.480487",".","19"
"08/27/2020","AQS","410392013","1","15","ug/m3 SC","14","Oakridge - (OAK)","1","100.0000","81102","PM10 Total 0-10um STP","21660","Eugene, OR","41","Oregon","039","Lane","43.744352","-122.480487",".","15"
"08/28/2020","AQS","410392013","1","17","ug/m3 SC","16","Oakridge - (OAK)","1","100.0000","81102","PM10 Total 0-10um STP","21660","Eugene, OR","41","Oregon","039","Lane","43.744352","-122.480487",".","17"
"08/29/2020","AQS","410392013","1","14","ug/m3 SC","13","Oakridge - (OAK)","1","100.0000","81102","PM10 Total 0-10um STP","21660","Eugene, OR","41","Oregon","039","Lane","43.744352","-122.480487",".","14"
"08/30/2020","AQS","410392013","1","14","ug/m3 SC","13","Oakridge - (OAK)","1","100.0000","81102","PM10 Total 0-10um STP","21660","Eugene, OR","41","Oregon","039","Lane","43.744352","-122.480487",".","14"
"08/31/2020","AQS","410392013","1","11","ug/m3 SC","10","Oakridge - (OAK)","1","100.0000","81102","PM10 Total 0-10um STP","21660","Eugene, OR","41","Oregon","039","Lane","43.744352","-122.480487",".","11"
"09/01/2020","AQS","410392013","1","15","ug/m3 SC","14","Oakridge - (OAK)","1","100.0000","81102","PM10 Total 0-10um STP","21660","Eugene, OR","41","Oregon","039","Lane","43.744352","-122.480487",".","15"
"09/02/2020","AQS","410392013","1","19","ug/m3 SC","18","Oakridge - (OAK)","1","100.0000","81102","PM10 Total 0-10um STP","21660","Eugene, OR","41","Oregon","039","Lane","43.744352","-122.480487",".","19"
"09/03/2020","AQS","410392013","1","19","ug/m3 SC","18","Oakridge - (OAK)","1","100.0000","81102","PM10 Total 0-10um STP","21660","Eugene, OR","41","Oregon","039","Lane","43.744352","-122.480487",".","19"
"09/04/2020","AQS","410392013","1","24","ug/m3 SC","22","Oakridge - (OAK)","1","100.0000","81102","PM10 Total 0-10um STP","21660","Eugene, OR","41","Oregon","039","Lane","43.744352","-122.480487",".","24"
"09/05/2020","AQS","410392013","1","35","ug/m3 SC","32","Oakridge - (OAK)","1","100.0000","81102","PM10 Total 0-10um STP","21660","Eugene, OR","41","Oregon","039","Lane","43.744352","-122.480487",".","35"
"09/06/2020","AQS","410392013","1","27","ug/m3 SC","25","Oakridge - (OAK)","1","100.0000","81102","PM10 Total 0-10um STP","21660","Eugene, OR","41","Oregon","039","Lane","43.744352","-122.480487",".","27"
"09/07/2020","AQS","410392013","1","98","ug/m3 SC","72","Oakridge - (OAK)","1","100.0000","81102","PM10 Total 0-10um STP","21660","Eugene, OR","41","Oregon","039","Lane","43.744352","-122.480487",".","98"
"09/10/2020","AQS","410392013","1","200","ug/m3 SC","123","Oakridge - (OAK)","1","100.0000","81102","PM10 Total 0-10um STP","21660","Eugene, OR","41","Oregon","039","Lane","43.744352","-122.480487",".","200"
"09/11/2020","AQS","410392013","1","274","ug/m3 SC","160","Oakridge - (OAK)","1","100.0000","81102","PM10 Total 0-10um STP","21660","Eugene, OR","41","Oregon","039","Lane","43.744352","-122.480487",".","274"
"09/12/2020","AQS","410392013","1","591","ug/m3 SC","487","Oakridge - (OAK)","1","100.0000","81102","PM10 Total 0-10um STP","21660","Eugene, OR","41","Oregon","039","Lane","43.744352","-122.480487",".","591"
"09/13/2020","AQS","410392013","1","423","ug/m3 SC","299","Oakridge - (OAK)","1","100.0000","81102","PM10 Total 0-10um STP","21660","Eugene, OR","41","Oregon","039","Lane","43.744352","-122.480487",".","423"
"09/14/2020","AQS","410392013","1","305","ug/m3 SC","176","Oakridge - (OAK)","1","100.0000","81102","PM10 Total 0-10um STP","21660","Eugene, OR","41","Oregon","039","Lane","43.744352","-122.480487",".","305"
"09/15/2020","AQS","410392013","1","314","ug/m3 SC","180","Oakridge - (OAK)","1","100.0000","81102","PM10 Total 0-10um STP","21660","Eugene, OR","41","Oregon","039","Lane","43.744352","-122.480487",".","314"
"09/16/2020","AQS","410392013","1","237","ug/m3 SC","142","Oakridge - (OAK)","1","100.0000","81102","PM10 Total 0-10um STP","21660","Eugene, OR","41","Oregon","039","Lane","43.744352","-122.480487",".","237"
"09/17/2020","AQS","410392013","1","172","ug/m3 SC","109","Oakridge - (OAK)","1","100.0000","81102","PM10 Total 0-10um STP","21660","Eugene, OR","41","Oregon","039","Lane","43.744352","-122.480487",".","172"
"09/18/2020","AQS","410392013","1","48","ug/m3 SC","44","Oakridge - (OAK)","1","100.0000","81102","PM10 Total 0-10um STP","21660","Eugene, OR","41","Oregon","039","Lane","43.744352","-122.480487",".","48"
"09/19/2020","AQS","410392013","1","5","ug/m3 SC","5","Oakridge - (OAK)","1","100.0000","81102","PM10 Total 0-10um STP","21660","Eugene, OR","41","Oregon","039","Lane","43.744352","-122.480487",".","5"
"09/20/2020","AQS","410392013","1","13","ug/m3 SC","12","Oakridge - (OAK)","1","100.0000","81102","PM10 Total 0-10um STP","21660","Eugene, OR","41","Oregon","039","Lane","43.744352","-122.480487",".","13"
"09/21/2020","AQS","410392013","1","19","ug/m3 SC","18","Oakridge - (OAK)","1","100.0000","81102","PM10 Total 0-10um STP","21660","Eugene, OR","41","Oregon","039","Lane","43.744352","-122.480487",".","19"
"09/22/2020","AQS","410392013","1","10","ug/m3 SC","9","Oakridge - (OAK)","1","100.0000","81102","PM10 Total 0-10um STP","21660","Eugene, OR","41","Oregon","039","Lane","43.744352","-122.480487",".","10"
"09/23/2020","AQS","410392013","1","19","ug/m3 SC","18","Oakridge - (OAK)","1","100.0000","81102","PM10 Total 0-10um STP","21660","Eugene, OR","41","Oregon","039","Lane","43.744352","-122.480487",".","19"
"09/24/2020","AQS","410392013","1","6","ug/m3 SC","6","Oakridge - (OAK)","1","100.0000","81102","PM10 Total 0-10um STP","21660","Eugene, OR","41","Oregon","039","Lane","43.744352","-122.480487",".","6"
"09/25/2020","AQS","410392013","1","7","ug/m3 SC","6","Oakridge - (OAK)","1","100.0000","81102","PM10 Total 0-10um STP","21660","Eugene, OR","41","Oregon","039","Lane","43.744352","-122.480487",".","7"
"09/26/2020","AQS","410392013","1","5","ug/m3 SC","5","Oakridge - (OAK)","1","100.0000","81102","PM10 Total 0-10um STP","21660","Eugene, OR","41","Oregon","039","Lane","43.744352","-122.480487",".","5"
"09/27/2020","AQS","410392013","1","9","ug/m3 SC","8","Oakridge - (OAK)","1","100.0000","81102","PM10 Total 0-10um STP","21660","Eugene, OR","41","Oregon","039","Lane","43.744352","-122.480487",".","9"
"09/28/2020","AQS","410392013","1","8","ug/m3 SC","7","Oakridge - (OAK)","1","100.0000","81102","PM10 Total 0-10um STP","21660","Eugene, OR","41","Oregon","039","Lane","43.744352","-122.480487",".","8"
"09/29/2020","AQS","410392013","1","8","ug/m3 SC","7","Oakridge - (OAK)","1","100.0000","81102","PM10 Total 0-10um STP","21660","Eugene, OR","41","Oregon","039","Lane","43.744352","-122.480487",".","8"
"09/30/2020","AQS","410392013","1","13","ug/m3 SC","12","Oakridge - (OAK)","1","100.0000","81102","PM10 Total 0-10um STP","21660","Eugene, OR","41","Oregon","039","Lane","43.744352","-122.480487",".","13"
"10/01/2020","AQS","410392013","1","19","ug/m3 SC","18","Oakridge - (OAK)","1","100.0000","81102","PM10 Total 0-10um STP","21660","Eugene, OR","41","Oregon","039","Lane","43.744352","-122.480487",".","19"
"10/02/2020","AQS","410392013","1","12","ug/m3 SC","11","Oakridge - (OAK)","1","100.0000","81102","PM10 Total 0-10um STP","21660","Eugene, OR","41","Oregon","039","Lane","43.744352","-122.480487",".","12"
"10/03/2020","AQS","410392013","1","10","ug/m3 SC","9","Oakridge - (OAK)","1","100.0000","81102","PM10 Total 0-10um STP","21660","Eugene, OR","41","Oregon","039","Lane","43.744352","-122.480487",".","10"
"10/04/2020","AQS","410392013","1","13","ug/m3 SC","12","Oakridge - (OAK)","1","100.0000","81102","PM10 Total 0-10um STP","21660","Eugene, OR","41","Oregon","039","Lane","43.744352","-122.480487",".","13"
"10/05/2020","AQS","410392013","1","16","ug/m3 SC","15","Oakridge - (OAK)","1","100.0000","81102","PM10 Total 0-10um STP","21660","Eugene, OR","41","Oregon","039","Lane","43.744352","-122.480487",".","16"
"10/06/2020","AQS","410392013","1","16","ug/m3 SC","15","Oakridge - (OAK)","1","100.0000","81102","PM10 Total 0-10um STP","21660","Eugene, OR","41","Oregon","039","Lane","43.744352","-122.480487",".","16"
"10/07/2020","AQS","410392013","1","26","ug/m3 SC","24","Oakridge - (OAK)","1","100.0000","81102","PM10 Total 0-10um STP","21660","Eugene, OR","41","Oregon","039","Lane","43.744352","-122.480487",".","26"
"10/08/2020","AQS","410392013","1","35","ug/m3 SC","32","Oakridge - (OAK)","1","100.0000","81102","PM10 Total 0-10um STP","21660","Eugene, OR","41","Oregon","039","Lane","43.744352","-122.480487",".","35"
"10/09/2020","AQS","410392013","1","26","ug/m3 SC","24","Oakridge - (OAK)","1","100.0000","81102","PM10 Total 0-10um STP","21660","Eugene, OR","41","Oregon","039","Lane","43.744352","-122.480487",".","26"
"10/10/2020","AQS","410392013","1","8","ug/m3 SC","7","Oakridge - (OAK)","1","100.0000","81102","PM10 Total 0-10um STP","21660","Eugene, OR","41","Oregon","039","Lane","43.744352","-122.480487",".","8"
"10/11/2020","AQS","410392013","1","6","ug/m3 SC","6","Oakridge - (OAK)","1","100.0000","81102","PM10 Total 0-10um STP","21660","Eugene, OR","41","Oregon","039","Lane","43.744352","-122.480487",".","6"
"10/12/2020","AQS","410392013","1","7","ug/m3 SC","6","Oakridge - (OAK)","1","100.0000","81102","PM10 Total 0-10um STP","21660","Eugene, OR","41","Oregon","039","Lane","43.744352","-122.480487",".","7"
"10/13/2020","AQS","410392013","1","8","ug/m3 SC","7","Oakridge - (OAK)","1","100.0000","81102","PM10 Total 0-10um STP","21660","Eugene, OR","41","Oregon","039","Lane","43.744352","-122.480487",".","8"
"10/14/2020","AQS","410392013","1","8","ug/m3 SC","7","Oakridge - (OAK)","1","100.0000","81102","PM10 Total 0-10um STP","21660","Eugene, OR","41","Oregon","039","Lane","43.744352","-122.480487",".","8"
"10/15/2020","AQS","410392013","1","13","ug/m3 SC","12","Oakridge - (OAK)","1","100.0000","81102","PM10 Total 0-10um STP","21660","Eugene, OR","41","Oregon","039","Lane","43.744352","-122.480487",".","13"
"10/16/2020","AQS","410392013","1","11","ug/m3 SC","10","Oakridge - (OAK)","1","100.0000","81102","PM10 Total 0-10um STP","21660","Eugene, OR","41","Oregon","039","Lane","43.744352","-122.480487",".","11"
"10/17/2020","AQS","410392013","1","13","ug/m3 SC","12","Oakridge - (OAK)","1","100.0000","81102","PM10 Total 0-10um STP","21660","Eugene, OR","41","Oregon","039","Lane","43.744352","-122.480487",".","13"
"10/18/2020","AQS","410392013","1","10","ug/m3 SC","9","Oakridge - (OAK)","1","100.0000","81102","PM10 Total 0-10um STP","21660","Eugene, OR","41","Oregon","039","Lane","43.744352","-122.480487",".","10"
"10/19/2020","AQS","410392013","1","15","ug/m3 SC","14","Oakridge - (OAK)","1","100.0000","81102","PM10 Total 0-10um STP","21660","Eugene, OR","41","Oregon","039","Lane","43.744352","-122.480487",".","15"
"10/20/2020","AQS","410392013","1","9","ug/m3 SC","8","Oakridge - (OAK)","1","100.0000","81102","PM10 Total 0-10um STP","21660","Eugene, OR","41","Oregon","039","Lane","43.744352","-122.480487",".","9"
"10/21/2020","AQS","410392013","1","10","ug/m3 SC","9","Oakridge - (OAK)","1","100.0000","81102","PM10 Total 0-10um STP","21660","Eugene, OR","41","Oregon","039","Lane","43.744352","-122.480487",".","10"
"10/22/2020","AQS","410392013","1","15","ug/m3 SC","14","Oakridge - (OAK)","1","100.0000","81102","PM10 Total 0-10um STP","21660","Eugene, OR","41","Oregon","039","Lane","43.744352","-122.480487",".","15"
"10/23/2020","AQS","410392013","1","10","ug/m3 SC","9","Oakridge - (OAK)","1","100.0000","81102","PM10 Total 0-10um STP","21660","Eugene, OR","41","Oregon","039","Lane","43.744352","-122.480487",".","10"
"10/24/2020","AQS","410392013","1","8","ug/m3 SC","7","Oakridge - (OAK)","1","100.0000","81102","PM10 Total 0-10um STP","21660","Eugene, OR","41","Oregon","039","Lane","43.744352","-122.480487",".","8"
"10/25/2020","AQS","410392013","1","18","ug/m3 SC","17","Oakridge - (OAK)","1","100.0000","81102","PM10 Total 0-10um STP","21660","Eugene, OR","41","Oregon","039","Lane","43.744352","-122.480487",".","18"
"10/26/2020","AQS","410392013","1","29","ug/m3 SC","27","Oakridge - (OAK)","1","100.0000","81102","PM10 Total 0-10um STP","21660","Eugene, OR","41","Oregon","039","Lane","43.744352","-122.480487",".","29"
"10/27/2020","AQS","410392013","1","36","ug/m3 SC","33","Oakridge - (OAK)","1","100.0000","81102","PM10 Total 0-10um STP","21660","Eugene, OR","41","Oregon","039","Lane","43.744352","-122.480487",".","36"
"10/28/2020","AQS","410392013","1","23","ug/m3 SC","21","Oakridge - (OAK)","1","100.0000","81102","PM10 Total 0-10um STP","21660","Eugene, OR","41","Oregon","039","Lane","43.744352","-122.480487",".","23"
"10/29/2020","AQS","410392013","1","17","ug/m3 SC","16","Oakridge - (OAK)","1","100.0000","81102","PM10 Total 0-10um STP","21660","Eugene, OR","41","Oregon","039","Lane","43.744352","-122.480487",".","17"
"10/30/2020","AQS","410392013","1","15","ug/m3 SC","14","Oakridge - (OAK)","1","100.0000","81102","PM10 Total 0-10um STP","21660","Eugene, OR","41","Oregon","039","Lane","43.744352","-122.480487",".","15"
"10/31/2020","AQS","410392013","1","12","ug/m3 SC","11","Oakridge - (OAK)","1","100.0000","81102","PM10 Total 0-10um STP","21660","Eugene, OR","41","Oregon","039","Lane","43.744352","-122.480487",".","12"
"11/01/2020","AQS","410392013","1","19","ug/m3 SC","18","Oakridge - (OAK)","1","100.0000","81102","PM10 Total 0-10um STP","21660","Eugene, OR","41","Oregon","039","Lane","43.744352","-122.480487",".","19"
"11/02/2020","AQS","410392013","1","23","ug/m3 SC","21","Oakridge - (OAK)","1","100.0000","81102","PM10 Total 0-10um STP","21660","Eugene, OR","41","Oregon","039","Lane","43.744352","-122.480487",".","23"
"11/07/2020","AQS","410392013","1","7","ug/m3 SC","6","Oakridge - (OAK)","1","100.0000","81102","PM10 Total 0-10um STP","21660","Eugene, OR","41","Oregon","039","Lane","43.744352","-122.480487",".","7"
"11/08/2020","AQS","410392013","1","13","ug/m3 SC","12","Oakridge - (OAK)","1","100.0000","81102","PM10 Total 0-10um STP","21660","Eugene, OR","41","Oregon","039","Lane","43.744352","-122.480487",".","13"
"11/09/2020","AQS","410392013","1","10","ug/m3 SC","9","Oakridge - (OAK)","1","100.0000","81102","PM10 Total 0-10um STP","21660","Eugene, OR","41","Oregon","039","Lane","43.744352","-122.480487",".","10"
"11/10/2020","AQS","410392013","1","9","ug/m3 SC","8","Oakridge - (OAK)","1","100.0000","81102","PM10 Total 0-10um STP","21660","Eugene, OR","41","Oregon","039","Lane","43.744352","-122.480487",".","9"
"11/11/2020","AQS","410392013","1","7","ug/m3 SC","6","Oakridge - (OAK)","1","100.0000","81102","PM10 Total 0-10um STP","21660","Eugene, OR","41","Oregon","039","Lane","43.744352","-122.480487",".","7"
"11/12/2020","AQS","410392013","1","12","ug/m3 SC","11","Oakridge - (OAK)","1","100.0000","81102","PM10 Total 0-10um STP","21660","Eugene, OR","41","Oregon","039","Lane","43.744352","-122.480487",".","12"
"11/13/2020","AQS","410392013","1","8","ug/m3 SC","7","Oakridge - (OAK)","1","100.0000","81102","PM10 Total 0-10um STP","21660","Eugene, OR","41","Oregon","039","Lane","43.744352","-122.480487",".","8"
"11/14/2020","AQS","410392013","1","6","ug/m3 SC","6","Oakridge - (OAK)","1","100.0000","81102","PM10 Total 0-10um STP","21660","Eugene, OR","41","Oregon","039","Lane","43.744352","-122.480487",".","6"
"11/15/2020","AQS","410392013","1","12","ug/m3 SC","11","Oakridge - (OAK)","1","100.0000","81102","PM10 Total 0-10um STP","21660","Eugene, OR","41","Oregon","039","Lane","43.744352","-122.480487",".","12"
"11/16/2020","AQS","410392013","1","11","ug/m3 SC","10","Oakridge - (OAK)","1","100.0000","81102","PM10 Total 0-10um STP","21660","Eugene, OR","41","Oregon","039","Lane","43.744352","-122.480487",".","11"
"11/17/2020","AQS","410392013","1","8","ug/m3 SC","7","Oakridge - (OAK)","1","100.0000","81102","PM10 Total 0-10um STP","21660","Eugene, OR","41","Oregon","039","Lane","43.744352","-122.480487",".","8"
"11/18/2020","AQS","410392013","1","5","ug/m3 SC","5","Oakridge - (OAK)","1","100.0000","81102","PM10 Total 0-10um STP","21660","Eugene, OR","41","Oregon","039","Lane","43.744352","-122.480487",".","5"
"11/19/2020","AQS","410392013","1","8","ug/m3 SC","7","Oakridge - (OAK)","1","100.0000","81102","PM10 Total 0-10um STP","21660","Eugene, OR","41","Oregon","039","Lane","43.744352","-122.480487",".","8"
"11/20/2020","AQS","410392013","1","9","ug/m3 SC","8","Oakridge - (OAK)","1","100.0000","81102","PM10 Total 0-10um STP","21660","Eugene, OR","41","Oregon","039","Lane","43.744352","-122.480487",".","9"
"11/21/2020","AQS","410392013","1","15","ug/m3 SC","14","Oakridge - (OAK)","1","100.0000","81102","PM10 Total 0-10um STP","21660","Eugene, OR","41","Oregon","039","Lane","43.744352","-122.480487",".","15"
"11/22/2020","AQS","410392013","1","12","ug/m3 SC","11","Oakridge - (OAK)","1","100.0000","81102","PM10 Total 0-10um STP","21660","Eugene, OR","41","Oregon","039","Lane","43.744352","-122.480487",".","12"
"11/23/2020","AQS","410392013","1","12","ug/m3 SC","11","Oakridge - (OAK)","1","100.0000","81102","PM10 Total 0-10um STP","21660","Eugene, OR","41","Oregon","039","Lane","43.744352","-122.480487",".","12"
"11/24/2020","AQS","410392013","1","8","ug/m3 SC","7","Oakridge - (OAK)","1","100.0000","81102","PM10 Total 0-10um STP","21660","Eugene, OR","41","Oregon","039","Lane","43.744352","-122.480487",".","8"
"11/25/2020","AQS","410392013","1","8","ug/m3 SC","7","Oakridge - (OAK)","1","100.0000","81102","PM10 Total 0-10um STP","21660","Eugene, OR","41","Oregon","039","Lane","43.744352","-122.480487",".","8"
"11/26/2020","AQS","410392013","1","10","ug/m3 SC","9","Oakridge - (OAK)","1","100.0000","81102","PM10 Total 0-10um STP","21660","Eugene, OR","41","Oregon","039","Lane","43.744352","-122.480487",".","10"
"11/27/2020","AQS","410392013","1","12","ug/m3 SC","11","Oakridge - (OAK)","1","100.0000","81102","PM10 Total 0-10um STP","21660","Eugene, OR","41","Oregon","039","Lane","43.744352","-122.480487",".","12"
"11/28/2020","AQS","410392013","1","14","ug/m3 SC","13","Oakridge - (OAK)","1","100.0000","81102","PM10 Total 0-10um STP","21660","Eugene, OR","41","Oregon","039","Lane","43.744352","-122.480487",".","14"
"11/29/2020","AQS","410392013","1","16","ug/m3 SC","15","Oakridge - (OAK)","1","100.0000","81102","PM10 Total 0-10um STP","21660","Eugene, OR","41","Oregon","039","Lane","43.744352","-122.480487",".","16"
"11/30/2020","AQS","410392013","1","12","ug/m3 SC","11","Oakridge - (OAK)","1","100.0000","81102","PM10 Total 0-10um STP","21660","Eugene, OR","41","Oregon","039","Lane","43.744352","-122.480487",".","12"
"12/01/2020","AQS","410392013","1","17","ug/m3 SC","16","Oakridge - (OAK)","1","100.0000","81102","PM10 Total 0-10um STP","21660","Eugene, OR","41","Oregon","039","Lane","43.744352","-122.480487",".","17"
"12/02/2020","AQS","410392013","1","30","ug/m3 SC","28","Oakridge - (OAK)","1","100.0000","81102","PM10 Total 0-10um STP","21660","Eugene, OR","41","Oregon","039","Lane","43.744352","-122.480487",".","30"
"12/03/2020","AQS","410392013","1","40","ug/m3 SC","37","Oakridge - (OAK)","1","100.0000","81102","PM10 Total 0-10um STP","21660","Eugene, OR","41","Oregon","039","Lane","43.744352","-122.480487",".","40"
"12/04/2020","AQS","410392013","1","23","ug/m3 SC","21","Oakridge - (OAK)","1","100.0000","81102","PM10 Total 0-10um STP","21660","Eugene, OR","41","Oregon","039","Lane","43.744352","-122.480487",".","23"
"12/05/2020","AQS","410392013","1","22","ug/m3 SC","20","Oakridge - (OAK)","1","100.0000","81102","PM10 Total 0-10um STP","21660","Eugene, OR","41","Oregon","039","Lane","43.744352","-122.480487",".","22"
"12/06/2020","AQS","410392013","1","15","ug/m3 SC","14","Oakridge - (OAK)","1","100.0000","81102","PM10 Total 0-10um STP","21660","Eugene, OR","41","Oregon","039","Lane","43.744352","-122.480487",".","15"
"12/07/2020","AQS","410392013","1","13","ug/m3 SC","12","Oakridge - (OAK)","1","100.0000","81102","PM10 Total 0-10um STP","21660","Eugene, OR","41","Oregon","039","Lane","43.744352","-122.480487",".","13"
"12/08/2020","AQS","410392013","1","27","ug/m3 SC","25","Oakridge - (OAK)","1","100.0000","81102","PM10 Total 0-10um STP","21660","Eugene, OR","41","Oregon","039","Lane","43.744352","-122.480487",".","27"
"12/09/2020","AQS","410392013","1","17","ug/m3 SC","16","Oakridge - (OAK)","1","100.0000","81102","PM10 Total 0-10um STP","21660","Eugene, OR","41","Oregon","039","Lane","43.744352","-122.480487",".","17"
"12/10/2020","AQS","410392013","1","9","ug/m3 SC","8","Oakridge - (OAK)","1","100.0000","81102","PM10 Total 0-10um STP","21660","Eugene, OR","41","Oregon","039","Lane","43.744352","-122.480487",".","9"
"12/11/2020","AQS","410392013","1","9","ug/m3 SC","8","Oakridge - (OAK)","1","100.0000","81102","PM10 Total 0-10um STP","21660","Eugene, OR","41","Oregon","039","Lane","43.744352","-122.480487",".","9"
"12/12/2020","AQS","410392013","1","12","ug/m3 SC","11","Oakridge - (OAK)","1","100.0000","81102","PM10 Total 0-10um STP","21660","Eugene, OR","41","Oregon","039","Lane","43.744352","-122.480487",".","12"
"12/13/2020","AQS","410392013","1","9","ug/m3 SC","8","Oakridge - (OAK)","1","100.0000","81102","PM10 Total 0-10um STP","21660","Eugene, OR","41","Oregon","039","Lane","43.744352","-122.480487",".","9"
"12/14/2020","AQS","410392013","1","8","ug/m3 SC","7","Oakridge - (OAK)","1","100.0000","81102","PM10 Total 0-10um STP","21660","Eugene, OR","41","Oregon","039","Lane","43.744352","-122.480487",".","8"
"12/15/2020","AQS","410392013","1","9","ug/m3 SC","8","Oakridge - (OAK)","1","100.0000","81102","PM10 Total 0-10um STP","21660","Eugene, OR","41","Oregon","039","Lane","43.744352","-122.480487",".","9"
"12/16/2020","AQS","410392013","1","8","ug/m3 SC","7","Oakridge - (OAK)","1","100.0000","81102","PM10 Total 0-10um STP","21660","Eugene, OR","41","Oregon","039","Lane","43.744352","-122.480487",".","8"
"12/17/2020","AQS","410392013","1","8","ug/m3 SC","7","Oakridge - (OAK)","1","100.0000","81102","PM10 Total 0-10um STP","21660","Eugene, OR","41","Oregon","039","Lane","43.744352","-122.480487",".","8"
"12/18/2020","AQS","410392013","1","10","ug/m3 SC","9","Oakridge - (OAK)","1","100.0000","81102","PM10 Total 0-10um STP","21660","Eugene, OR","41","Oregon","039","Lane","43.744352","-122.480487",".","10"
"12/19/2020","AQS","410392013","1","16","ug/m3 SC","15","Oakridge - (OAK)","1","100.0000","81102","PM10 Total 0-10um STP","21660","Eugene, OR","41","Oregon","039","Lane","43.744352","-122.480487",".","16"
"12/20/2020","AQS","410392013","1","19","ug/m3 SC","18","Oakridge - (OAK)","1","100.0000","81102","PM10 Total 0-10um STP","21660","Eugene, OR","41","Oregon","039","Lane","43.744352","-122.480487",".","19"
"12/21/2020","AQS","410392013","1","11","ug/m3 SC","10","Oakridge - (OAK)","1","100.0000","81102","PM10 Total 0-10um STP","21660","Eugene, OR","41","Oregon","039","Lane","43.744352","-122.480487",".","11"
"12/22/2020","AQS","410392013","1","10","ug/m3 SC","9","Oakridge - (OAK)","1","100.0000","81102","PM10 Total 0-10um STP","21660","Eugene, OR","41","Oregon","039","Lane","43.744352","-122.480487",".","10"
"12/23/2020","AQS","410392013","1","15","ug/m3 SC","14","Oakridge - (OAK)","1","100.0000","81102","PM10 Total 0-10um STP","21660","Eugene, OR","41","Oregon","039","Lane","43.744352","-122.480487",".","15"
"12/24/2020","AQS","410392013","1","14","ug/m3 SC","13","Oakridge - (OAK)","1","100.0000","81102","PM10 Total 0-10um STP","21660","Eugene, OR","41","Oregon","039","Lane","43.744352","-122.480487",".","14"
"12/25/2020","AQS","410392013","1","15","ug/m3 SC","14","Oakridge - (OAK)","1","100.0000","81102","PM10 Total 0-10um STP","21660","Eugene, OR","41","Oregon","039","Lane","43.744352","-122.480487",".","15"
"12/26/2020","AQS","410392013","1","15","ug/m3 SC","14","Oakridge - (OAK)","1","100.0000","81102","PM10 Total 0-10um STP","21660","Eugene, OR","41","Oregon","039","Lane","43.744352","-122.480487",".","15"
"12/27/2020","AQS","410392013","1","10","ug/m3 SC","9","Oakridge - (OAK)","1","100.0000","81102","PM10 Total 0-10um STP","21660","Eugene, OR","41","Oregon","039","Lane","43.744352","-122.480487",".","10"
"12/28/2020","AQS","410392013","1","20","ug/m3 SC","19","Oakridge - (OAK)","1","100.0000","81102","PM10 Total 0-10um STP","21660","Eugene, OR","41","Oregon","039","Lane","43.744352","-122.480487",".","20"
"12/29/2020","AQS","410392013","1","22","ug/m3 SC","20","Oakridge - (OAK)","1","100.0000","81102","PM10 Total 0-10um STP","21660","Eugene, OR","41","Oregon","039","Lane","43.744352","-122.480487",".","22"
"12/30/2020","AQS","410392013","1","13","ug/m3 SC","12","Oakridge - (OAK)","1","100.0000","81102","PM10 Total 0-10um STP","21660","Eugene, OR","41","Oregon","039","Lane","43.744352","-122.480487",".","13"
"12/31/2020","AQS","410392013","1","12","ug/m3 SC","11","Oakridge - (OAK)","1","100.0000","81102","PM10 Total 0-10um STP","21660","Eugene, OR","41","Oregon","039","Lane","43.744352","-122.480487",".","12"
